{
  "setup_model": 2,
  "ood_dataset": "longfact",
  "n_in_domain": 353,
  "n_ood_prompts": 15,
  "n_ood_sentences": 292,
  "epi_mu": {
    "signal": "epi_mu",
    "in_domain": {
      "n": 353,
      "mean": 0.0008066153185558485,
      "median": 0.0004224087579458508,
      "p25": 4.4011155209578394e-05,
      "p75": 0.0011631229963425676,
      "p95": 0.0030417300876895395
    },
    "ood": {
      "n": 292,
      "mean": 0.0022321988577350326,
      "median": 0.0006066402885192784,
      "p25": 0.00013074537459877188,
      "p75": 0.0017178672913879178,
      "p95": 0.0047752331198863745
    },
    "median_ratio_ood_over_indom": 1.436145148763806,
    "mannwhitney_u": 58840.0,
    "p_value_ood_greater": 0.0009688634145258262
  },
  "epi_logit": {
    "signal": "epi_logit",
    "in_domain": {
      "n": 353,
      "mean": 8.862071915102586,
      "median": 4.706272861786093,
      "p25": 2.2506041234687006,
      "p75": 12.174622343327025,
      "p95": 30.016425938453068
    },
    "ood": {
      "n": 292,
      "mean": 5.680949479522339,
      "median": 4.249630338812354,
      "p25": 2.697157235413354,
      "p75": 6.890915690084377,
      "p95": 14.096361704093765
    },
    "median_ratio_ood_over_indom": 0.9029715155953713,
    "mannwhitney_u": 47910.0,
    "p_value_ood_greater": 0.9382638947067145
  }
}