linear_mean,mc_mean,Pearson_r,MAE,num_samples
0.008113837337740825,0.00723071708626877,0.9047773132395653,0.0022497830760724747,100
