selected_layer,softmax_alpha
0,0.1103893
4,0.110395744
8,0.1104252
12,0.11048008
16,0.11031163
20,0.11032846
24,0.110203005
28,0.11118323
32,0.11628332
