{
  "setup": 2,
  "selected_layers": [
    0,
    4,
    8,
    12,
    16,
    20,
    24,
    28,
    32
  ],
  "split_file": "data/splits_smoke/setup_2.json",
  "baselines": {
    "token_entropy": {
      "name": "token_entropy",
      "n_test": 45,
      "wall_clock_seconds": 0.0012112800031900406,
      "ratio_metrics": {
        "MAE": 0.32783111929893494,
        "RMSE": 0.3763010799884796,
        "Pearson_r": 0.46930648766015437,
        "binomial_NLL": 2.1518563164605036,
        "n": 45
      },
      "strict_metrics": {
        "n": 45,
        "AUROC": 0.7972972972972974,
        "AUPRC": 0.41607998084291187,
        "Brier": 0.2378433314729838
      },
      "scores_raw": [
        0.24906331300735474,
        0.5705919861793518,
        0.58866286277771,
        0.6036269664764404,
        0.5480058789253235,
        0.6210302710533142,
        0.46398308873176575,
        0.6637792587280273,
        0.32527297735214233,
        0.3172992765903473,
        0.6533167958259583,
        0.6752961277961731,
        0.2822635769844055,
        0.5118691921234131,
        0.28860124945640564,
        0.3594224452972412,
        0.8307445049285889,
        0.5568883419036865,
        0.6132490038871765,
        0.5300057530403137,
        0.58063805103302,
        0.4097710847854614,
        0.8501955270767212,
        0.6253063082695007,
        0.5106554627418518,
        0.49995145201683044,
        0.414631187915802,
        0.44785168766975403,
        0.6903519630432129,
        0.6704115271568298,
        0.18136577308177948,
        0.3985499143600464,
        0.5704455971717834,
        0.31985849142074585,
        0.37755677103996277,
        0.09284084290266037,
        0.23110859096050262,
        0.20140299201011658,
        0.5843240022659302,
        0.09377908706665039,
        0.39627182483673096,
        0.39628806710243225,
        0.19727683067321777,
        0.5001147985458374,
        0.6121442914009094
      ],
      "mu_hat": [
        0.7937261462211609,
        0.3691844344139099,
        0.34532392024993896,
        0.32556551694869995,
        0.39900678396224976,
        0.3025864362716675,
        0.5099492073059082,
        0.24614131450653076,
        0.6931000351905823,
        0.703628420829773,
        0.2599557638168335,
        0.23093461990356445,
        0.7498890161514282,
        0.4467211365699768,
        0.741520881652832,
        0.6480095386505127,
        0.02568286657333374,
        0.3872784972190857,
        0.31286072731018066,
        0.42277389764785767,
        0.3559197187423706,
        0.581529974937439,
        0.0,
        0.2969404458999634,
        0.44832372665405273,
        0.4624571204185486,
        0.5751127600669861,
        0.531248927116394,
        0.21105509996414185,
        0.2373841404914856,
        0.8831129670143127,
        0.5963462591171265,
        0.36937767267227173,
        0.700249195098877,
        0.6240652799606323,
        1.0,
        0.8174332976341248,
        0.8566561341285706,
        0.3510528802871704,
        0.9987611770629883,
        0.5993542075157166,
        0.5993327498435974,
        0.8621042370796204,
        0.4622414708137512,
        0.314319372177124
      ]
    },
    "logistic_regression": {
      "name": "logistic_regression",
      "n_train": 77,
      "n_test": 45,
      "wall_clock_seconds": 0.1605512648820877,
      "ratio_metrics": {
        "MAE": 0.3257792890071869,
        "RMSE": 0.4888613522052765,
        "Pearson_r": 0.26505988512399126,
        "binomial_NLL": 4.535850355360243,
        "n": 45
      },
      "strict_metrics": {
        "n": 45,
        "AUROC": 0.7162162162162162,
        "AUPRC": 0.41195581911694445,
        "Brier": 0.15761613902510588
      },
      "mu_hat": [
        0.14568594098091125,
        0.05051637813448906,
        0.023505209013819695,
        0.011960744857788086,
        0.0072162398137152195,
        0.007057692855596542,
        0.004337145481258631,
        0.00769007345661521,
        0.41924694180488586,
        0.09449201822280884,
        0.24406535923480988,
        0.18800359964370728,
        0.051350921392440796,
        0.04048217833042145,
        0.020325230434536934,
        0.02102205716073513,
        0.00891527347266674,
        0.0034279569517821074,
        0.0022307620383799076,
        0.0013114240719005466,
        0.000681326084304601,
        0.0034617017954587936,
        0.0007691050413995981,
        0.00269138952717185,
        0.0015031814109534025,
        0.011527247726917267,
        0.030163446441292763,
        0.006222244817763567,
        0.0019745996687561274,
        0.00541669549420476,
        0.0020486575085669756,
        0.0016517890617251396,
        0.005378298461437225,
        0.004285924602299929,
        0.0027039828710258007,
        0.04993134364485741,
        0.027088383212685585,
        0.006568507757037878,
        0.007956829853355885,
        0.009014339186251163,
        0.002644300227984786,
        0.001876533031463623,
        0.0013381610624492168,
        0.0036164855118840933,
        0.004895681980997324
      ],
      "config": {
        "C": 1.0
      }
    },
    "factuality_probe_adapted": {
      "name": "factuality_probe_adapted",
      "n_train": 77,
      "n_test": 45,
      "wall_clock_seconds": 0.012785760685801506,
      "ratio_metrics": {
        "MAE": 0.334845632314682,
        "RMSE": 0.45221614837646484,
        "Pearson_r": 0.010140922401529744,
        "binomial_NLL": 2.6702711317274304,
        "n": 45
      },
      "strict_metrics": {
        "n": 45,
        "AUROC": 0.42229729729729726,
        "AUPRC": 0.1807565626644574,
        "Brier": 0.1585125385824348
      },
      "mu_hat": [
        0.2630704343318939,
        0.21118876338005066,
        0.07589225471019745,
        0.10831046849489212,
        0.06183585524559021,
        0.09675665199756622,
        0.060852281749248505,
        0.02565557137131691,
        0.23949076235294342,
        0.2221537083387375,
        0.1481848806142807,
        0.12960615754127502,
        0.09454791992902756,
        0.1714714616537094,
        0.0853671133518219,
        0.12165575474500656,
        0.11881101131439209,
        0.14133769273757935,
        0.16391132771968842,
        0.08815407007932663,
        0.07097083330154419,
        0.02551020123064518,
        0.023205924779176712,
        0.03609282895922661,
        0.06127825751900673,
        0.26941952109336853,
        0.2303200364112854,
        0.1785074770450592,
        0.18286778032779694,
        0.06076910346746445,
        0.14606493711471558,
        0.1763741821050644,
        0.05508232116699219,
        0.02687542885541916,
        0.054814741015434265,
        0.24337218701839447,
        0.2493310123682022,
        0.0875745490193367,
        0.16770775616168976,
        0.05637724697589874,
        0.08731032907962799,
        0.11408744752407074,
        0.02755420096218586,
        0.09648711234331131,
        0.23725363612174988
      ],
      "config": {
        "target_layer": 14,
        "C": 1.0,
        "selected_layers": [
          0,
          4,
          8,
          12,
          16,
          20,
          24,
          28,
          32
        ]
      }
    },
    "semantic_entropy": {
      "skipped": true,
      "reason": "--samples-dir not provided"
    },
    "luq": {
      "skipped": true,
      "reason": "--samples-dir not provided"
    }
  }
}