{
  "setup": 2,
  "n_train": 82,
  "n_val": 12,
  "n_test": 48,
  "final_train_loss": 46.7982292175293,
  "val_metrics_last": {
    "epoch": 50,
    "MAE": 0.29005900025367737,
    "RMSE": 0.36471784114837646,
    "Pearson_r": 0.4139337308552523,
    "binomial_NLL": 1.5010116577148438,
    "n": 10
  },
  "test_metrics": {
    "MAE": 0.32864049077033997,
    "RMSE": 0.409453421831131,
    "Pearson_r": 0.24802184307248618,
    "binomial_NLL": 2.2508082071940105,
    "n": 45
  }
}