linear_mean,mc_mean,Pearson_r,MAE,num_samples
0.0008066153151927746,0.0006773152892254268,0.9013622473338951,0.0003078058422140413,100
