selected_layer,softmax_alpha
0,0.09817704
4,0.09831488
8,0.09821811
12,0.09827078
16,0.09772818
20,0.09817493
24,0.10756124
28,0.14331347
32,0.16024134
