{
  "setup": 2,
  "n_test_sentences": 353,
  "k": 66,
  "diagnostic_1_eigenspectrum": {
    "lambda_max": 1.4569001197814941,
    "lambda_min": 0.016985395923256874,
    "lambda_mean": 1.0028741457076236,
    "lambda_median": 1.0893611311912537,
    "trace": 66.18969361670315,
    "condition_number": 85.77369208018673,
    "anisotropy_ratio": 1.4527247770990366,
    "eigvals_sorted": [
      1.4569001197814941,
      1.4104890823364258,
      1.3900357484817505,
      1.3753132820129395,
      1.3665229082107544,
      1.3617526292800903,
      1.3485580682754517,
      1.3413132429122925,
      1.3329764604568481,
      1.3072869777679443,
      1.2937605381011963,
      1.289731740951538,
      1.2754828929901123,
      1.2695626020431519,
      1.2591110467910767,
      1.2461133003234863,
      1.2370846271514893,
      1.2353280782699585,
      1.2316093444824219,
      1.218428373336792,
      1.2035707235336304,
      1.1935993432998657,
      1.1824184656143188,
      1.1800320148468018,
      1.173584222793579,
      1.160090446472168,
      1.147451400756836,
      1.1429457664489746,
      1.1195377111434937,
      1.115519642829895,
      1.1099774837493896,
      1.105778455734253,
      1.0939937829971313,
      1.084728479385376,
      1.0751147270202637,
      1.0640065670013428,
      1.0580402612686157,
      1.0480751991271973,
      1.0202454328536987,
      1.0154579877853394,
      1.012438178062439,
      0.998353123664856,
      0.9793059825897217,
      0.9704120755195618,
      0.9643017053604126,
      0.9552555680274963,
      0.9380067586898804,
      0.9124822616577148,
      0.900926947593689,
      0.8925753235816956,
      0.8746942281723022,
      0.8727725744247437,
      0.8524870872497559,
      0.8124310970306396,
      0.7833098769187927,
      0.6805773973464966,
      0.6511324048042297,
      0.5443530082702637,
      0.47011202573776245,
      0.4357249438762665,
      0.41967761516571045,
      0.3448146879673004,
      0.23341655731201172,
      0.10769057273864746,
      0.02392704039812088,
      0.016985395923256874
    ]
  },
  "diagnostic_2_g_and_pi": {
    "g_hat_norm": {
      "mean": 0.054812386196927285,
      "median": 0.042468287667687885,
      "min": 9.264516385095631e-20,
      "max": 0.29933229307562714
    },
    "pi": {
      "mean": 0.23847016723479308,
      "median": 3.203070567930442e-08,
      "frac_saturated": 0.9199721642310369,
      "frac_gt_0.9": 0.20767471915697386,
      "frac_lt_0.1": 0.7323789641117407,
      "num_tokens": 10059
    },
    "mu_hat": {
      "mean": 0.23412410365053765,
      "median": 0.180927396775226,
      "frac_in_0.1_0.9": 0.6317280453257791
    }
  },
  "diagnostic_3_upper_bound": {
    "g_norm_mean_sq": 0.003004397680601105,
    "epi_upper_bound": 0.0043771073407389924,
    "epi_isotropic_est": 0.0030130327572987984,
    "epi_mu_mean_actual": 0.0008066153185558485,
    "actual_over_upper": 0.18428045185194536,
    "actual_over_isotropic": 0.2677087783403271
  },
  "diagnostic_4_prior": {
    "log_sigma_0": {
      "min": 0.0014891255414113402,
      "max": 0.3740275502204895,
      "mean": 0.19062639847503637
    },
    "sigma_0": {
      "min": 1.0014902348394101,
      "max": 1.4535771962774704,
      "mean": 1.2132424056520938
    },
    "note": "init log_sigma_0=0 -> sigma_0=1; <1 means prior tightened."
  },
  "diagnostic_5_fisher_vs_prior": {
    "fisher_data_lambda_max": 58.23599991554522,
    "fisher_data_lambda_min": 0.07500152973424055,
    "prior_inv_diag_max": 0.9970262050628662,
    "prior_inv_diag_mean": 0.6905824189836328,
    "fisher_over_prior": 58.40969838086976
  },
  "bonus_logit_vs_prob_signal": {
    "epi_mu_prob": {
      "mean": 0.0008066153185558485,
      "median": 0.0004224087579458508,
      "spearman_vs_abs_err": 0.4937302758220317,
      "prr_auc_ratio": 0.1393502991396309
    },
    "logit_epi_zbar": {
      "mean": 8.862071915102586,
      "median": 4.706272861786093,
      "spearman_vs_abs_err": -0.6084417844843014,
      "prr_auc_ratio": 0.3171589374059605
    },
    "logit_epi_tokmean": {
      "mean": 17.4522436793648,
      "median": 13.603174776569835,
      "spearman_vs_abs_err": -0.5652946677608175,
      "prr_auc_ratio": 0.28854769205973924
    },
    "_prr_no_skill_mean_U": 0.19844192634560906
  }
}