{
  "setup": 2,
  "n_train": 1638,
  "n_val": 461,
  "n_test": 387,
  "final_train_loss": 1238.916259765625,
  "val_metrics_last": {
    "epoch": 300,
    "MAE": 0.2689746022224426,
    "RMSE": 0.3627060353755951,
    "Pearson_r": 0.30766373663316904,
    "binomial_NLL": 1.9978221220128676,
    "n": 425
  },
  "test_metrics": {
    "MAE": 0.21811094880104065,
    "RMSE": 0.29907286167144775,
    "Pearson_r": 0.43228938803877576,
    "binomial_NLL": 1.4647228900163776,
    "n": 353
  }
}